{
  "Self-Rendering": [
    -10.480560302734375,
    11.612959861755371
  ],
  "Leap": [
    -11.989764213562012,
    9.54877758026123
  ],
  "Coherence": [
    -9.849020957946777,
    10.23201847076416
  ],
  "Throughlines": [
    -3.8837051391601562,
    13.907488822937012
  ],
  "Ein Sof": [
    -9.947087287902832,
    12.997525215148926
  ],
  "Scale Transitions": [
    8.49737548828125,
    -12.905536651611328
  ],
  "Conflict Architecture": [
    -5.014929294586182,
    -14.541930198669434
  ],
  "Campaign Architecture": [
    19.79108238220215,
    -7.385650157928467
  ],
  "Zoom In": [
    4.681865215301514,
    -14.651641845703125
  ],
  "Combat": [
    13.821887016296387,
    -4.6533403396606445
  ],
  "Threadwork": [
    -10.69554328918457,
    6.869086265563965
  ],
  "Fieldwork": [
    12.861289024353027,
    -3.6072463989257812
  ],
  "NPC Behavior": [
    11.861357688903809,
    -13.177022933959961
  ],
  "Knot": [
    12.202518463134766,
    5.54838752746582
  ],
  "Conviction Track": [
    11.226085662841797,
    10.077925682067871
  ],
  "Conviction": [
    1.2002174854278564,
    17.05083465576172
  ],
  "Social Contests": [
    3.1662821769714355,
    -14.407485961914062
  ],
  "Domain Echo": [
    6.154354095458984,
    -14.635124206542969
  ],
  "Domain Action": [
    9.004460334777832,
    0.3924984633922577
  ],
  "Wager": [
    10.101076126098633,
    11.466800689697266
  ],
  "Scene Slate": [
    14.281364440917969,
    3.693467378616333
  ],
  "Settlement Layer": [
    12.097700119018555,
    -10.913617134094238
  ],
  "Settlement Adjacency": [
    13.853206634521484,
    -10.369889259338379
  ],
  "Fractional Province": [
    -4.311317443847656,
    1.2791647911071777
  ],
  "Mass Seizure": [
    3.737527847290039,
    -4.521523952484131
  ],
  "Faction Layer": [
    9.372605323791504,
    -11.493059158325195
  ],
  "Faction Succession": [
    -14.96142292022705,
    -16.510589599609375
  ],
  "CI Political": [
    0.8470484614372253,
    -4.545070171356201
  ],
  "Mass Combat": [
    12.153353691101074,
    -6.429092884063721
  ],
  "Military Layer": [
    10.04757308959961,
    -9.846505165100098
  ],
  "Casus Belli": [
    6.519756317138672,
    -1.5928162336349487
  ],
  "Dynastic Proclamation": [
    6.421584606170654,
    -8.47181224822998
  ],
  "Victory": [
    3.063214063644409,
    -8.597871780395508
  ],
  "Turmoil": [
    1.1512318849563599,
    -9.128908157348633
  ],
  "MS Trajectory": [
    -10.953709602355957,
    2.3763909339904785
  ],
  "Thread Revelation": [
    19.072484970092773,
    -8.091500282287598
  ],
  "Tensions Deck": [
    -5.186679363250732,
    -12.486878395080566
  ],
  "Royal Assassination": [
    -7.350926399230957,
    -4.950964450836182
  ],
  "Solmund": [
    -2.2919516563415527,
    13.39106559753418
  ],
  "Miraculous Event": [
    6.827271461486816,
    4.402116775512695
  ],
  "Armature System": [
    18.803112030029297,
    -0.021168267354369164
  ],
  "Event Impact Matrix": [
    19.347700119018555,
    -0.7895349860191345
  ],
  "MS": [
    -9.783587455749512,
    4.236844539642334
  ],
  "CI": [
    2.645033359527588,
    -4.063873291015625
  ],
  "IP": [
    -2.4274752140045166,
    -7.205233573913574
  ],
  "PI": [
    2.7507638931274414,
    2.246147632598877
  ],
  "TS": [
    -8.41777229309082,
    9.756683349609375
  ],
  "TCV": [
    4.166875839233398,
    -9.133622169494629
  ],
  "Faith": [
    0.7155972123146057,
    13.416657447814941
  ],
  "Order": [
    2.0076966285705566,
    14.614773750305176
  ],
  "Reason": [
    4.104715824127197,
    14.646692276000977
  ],
  "Equity": [
    5.410033226013184,
    16.092071533203125
  ],
  "Precedent": [
    2.7497613430023193,
    12.63647174835205
  ],
  "Autonomy": [
    3.2553341388702393,
    16.200389862060547
  ],
  "Continuity": [
    7.3052167892456055,
    13.362749099731445
  ],
  "Evidence": [
    13.521743774414062,
    -2.6386284828186035
  ],
  "Consequence": [
    19.42369842529297,
    9.387162208557129
  ],
  "Authority": [
    20.51289176940918,
    9.36034107208252
  ],
  "Loyalty": [
    19.95313262939453,
    7.522808074951172
  ],
  "King Almud": [
    -6.876924514770508,
    -2.69358229637146
  ],
  "Confessor Arne": [
    -2.147409200668335,
    7.459446430206299
  ],
  "Inge Baralta": [
    5.176445960998535,
    3.588893175125122
  ],
  "Magnus Vaynard": [
    -2.0790932178497314,
    4.770998001098633
  ],
  "Lisbeth Ehrenwall": [
    1.6635721921920776,
    7.730894565582275
  ],
  "Yrsa Vossen": [
    6.457882404327393,
    17.50847625732422
  ],
  "Torben": [
    -5.1948466300964355,
    -4.089008808135986
  ],
  "Elske": [
    -4.344432353973389,
    -5.6269707679748535
  ],
  "Edeyja": [
    9.171636581420898,
    12.243356704711914
  ],
  "Lenneth": [
    -8.234451293945312,
    -3.465475082397461
  ],
  "Crown": [
    1.3711302280426025,
    4.687552452087402
  ],
  "Church": [
    3.1214101314544678,
    -0.9416931867599487
  ],
  "Hafenmark": [
    1.0545183420181274,
    2.3988442420959473
  ],
  "Varfell": [
    -0.47812724113464355,
    2.8855597972869873
  ],
  "L\u00f6wenritter": [
    2.0326344966888428,
    6.003212928771973
  ],
  "Restoration Movement": [
    -2.626645088195801,
    2.1791746616363525
  ],
  "Guilds": [
    0.14353708922863007,
    0.0944548025727272
  ],
  "Disposition": [
    11.969554901123047,
    4.06850004196167
  ],
  "Standing": [
    10.760409355163574,
    2.0540356636047363
  ],
  "Stability": [
    -8.78968334197998,
    4.67191743850708
  ],
  "Mandate": [
    4.801208019256592,
    -0.7303256988525391
  ],
  "Tensions": [
    -4.287360668182373,
    -12.337931632995605
  ],
  "Game Master": [
    -12.991384506225586,
    6.432027339935303
  ],
  "Cultural Reformation": [
    7.372832298278809,
    -8.218215942382812
  ],
  "Coup Counter": [
    3.6267013549804688,
    8.052721977233887
  ]
}