{
  "self_rendering": {
    "x": 0.10894954949617386,
    "y": -0.1924346536397934
  },
  "leap": {
    "x": 0.10756751894950867,
    "y": -0.22559796273708344
  },
  "coherence": {
    "x": 0.09123704582452774,
    "y": -0.15935154259204865
  },
  "knot": {
    "x": 0.1501169204711914,
    "y": -0.29953184723854065
  },
  "thread_substrate": {
    "x": 0.09315478801727295,
    "y": 0.3000236749649048
  },
  "mending_stability": {
    "x": -0.02203424647450447,
    "y": 0.22846688330173492
  },
  "thread_sensitivity": {
    "x": 0.17180617153644562,
    "y": 0.029559358954429626
  },
  "scar": {
    "x": 0.28078529238700867,
    "y": -0.16663295030593872
  },
  "scale_transitions": {
    "x": -0.23826493322849274,
    "y": -0.18887871503829956
  },
  "zoom_in": {
    "x": -0.3294401466846466,
    "y": -0.20027659833431244
  },
  "zoom_out": {
    "x": -0.3439042866230011,
    "y": -0.1472294181585312
  },
  "hybrid_mode": {
    "x": -0.2616766691207886,
    "y": -0.12503361701965332
  },
  "bg_mode": {
    "x": -0.30678433179855347,
    "y": -0.15301808714866638
  },
  "ttrpg_mode": {
    "x": -0.28122618794441223,
    "y": -0.1556481122970581
  },
  "domain_echo": {
    "x": -0.3285228908061981,
    "y": -0.06276220828294754
  },
  "sufficient_scope": {
    "x": -0.3488306999206543,
    "y": -0.048856478184461594
  },
  "scene_slate": {
    "x": -0.312322199344635,
    "y": -0.24046486616134644
  },
  "campaign_arch": {
    "x": -0.20200186967849731,
    "y": -0.4092349708080292
  },
  "conflict_arch": {
    "x": -0.3564358949661255,
    "y": 0.1002177968621254
  },
  "throughlines": {
    "x": 0.21124427020549774,
    "y": 0.3909011483192444
  },
  "omega": {
    "x": 0.09657629579305649,
    "y": 0.36396870017051697
  },
  "mu_modes": {
    "x": 0.09666396677494049,
    "y": 0.32567310333251953
  },
  "necessity": {
    "x": 0.08634893596172333,
    "y": 0.39838531613349915
  },
  "vetting_block": {
    "x": 0.18232592940330505,
    "y": 0.4118903577327728
  },
  "combat": {
    "x": -0.1334684193134308,
    "y": -0.24288547039031982
  },
  "threadwork": {
    "x": 0.055924300104379654,
    "y": -0.1606237143278122
  },
  "weaving": {
    "x": -0.020345347002148628,
    "y": -0.2384594827890396
  },
  "mending": {
    "x": 0.0015182455535978079,
    "y": 0.21196489036083221
  },
  "locking": {
    "x": -0.0027184495702385902,
    "y": -0.17572785913944244
  },
  "dissolution": {
    "x": -0.026304321363568306,
    "y": -0.1868640035390854
  },
  "pop_op": {
    "x": 0.004296398255974054,
    "y": -0.2456708550453186
  },
  "fieldwork": {
    "x": 0.012900327332317829,
    "y": -0.3929804563522339
  },
  "investigation": {
    "x": -0.016921989619731903,
    "y": -0.36533957719802856
  },
  "socializing": {
    "x": 0.1632697880268097,
    "y": -0.37111541628837585
  },
  "stealth": {
    "x": 1.0,
    "y": 0.17301790416240692
  },
  "exposure": {
    "x": 0.07640822976827621,
    "y": -0.36429035663604736
  },
  "npc_behavior": {
    "x": -0.34717854857444763,
    "y": 0.15185172855854034
  },
  "conviction_track": {
    "x": 0.2681730091571808,
    "y": -0.18817822635173798
  },
  "pressure_point": {
    "x": 0.21122045814990997,
    "y": 0.022595306858420372
  },
  "disposition": {
    "x": 0.1154165118932724,
    "y": -0.3433018922805786
  },
  "bonds": {
    "x": 0.14161907136440277,
    "y": -0.3350772559642792
  },
  "mood": {
    "x": -0.0676809623837471,
    "y": 0.31197431683540344
  },
  "belief_revision": {
    "x": 0.3219110369682312,
    "y": -0.17259986698627472
  },
  "faith": {
    "x": 0.2502985894680023,
    "y": -0.03374927490949631
  },
  "order_conv": {
    "x": 0.19167758524417877,
    "y": -0.04518534615635872
  },
  "reason": {
    "x": 0.2623163163661957,
    "y": 0.004107258282601833
  },
  "equity": {
    "x": 0.28703615069389343,
    "y": -0.013763622380793095
  },
  "precedent": {
    "x": 0.29634496569633484,
    "y": -0.050369489938020706
  },
  "autonomy": {
    "x": 0.25133004784584045,
    "y": 0.039732951670885086
  },
  "continuity": {
    "x": 0.2985420227050781,
    "y": 0.01681254804134369
  },
  "social_contest": {
    "x": 0.22634682059288025,
    "y": -0.19569942355155945
  },
  "precedent_style": {
    "x": 0.23919515311717987,
    "y": -0.5440206527709961
  },
  "vision_style": {
    "x": 0.23919515311717987,
    "y": -0.5440206527709961
  },
  "suppression_style": {
    "x": 0.23919515311717987,
    "y": -0.5440206527709961
  },
  "insinuation_style": {
    "x": 0.27012383937835693,
    "y": -0.5211738348007202
  },
  "composure": {
    "x": -0.5059528350830078,
    "y": -0.15033665299415588
  },
  "concentration": {
    "x": -0.5105718374252319,
    "y": -0.1252598762512207
  },
  "wager": {
    "x": 0.38378822803497314,
    "y": 0.07782169431447983
  },
  "heresy_investigation": {
    "x": -0.03834100067615509,
    "y": -0.3524584472179413
  },
  "inspiration": {
    "x": 0.01882564090192318,
    "y": -0.4348163902759552
  },
  "settlement_layer": {
    "x": -0.19976067543029785,
    "y": -0.3717969059944153
  },
  "settlement_adjacency": {
    "x": -0.17756026983261108,
    "y": -0.28960493206977844
  },
  "settlement_signal": {
    "x": -0.1561291515827179,
    "y": 0.41014212369918823
  },
  "passive_npc": {
    "x": -0.15633396804332733,
    "y": 0.44027021527290344
  },
  "bishop_appointment": {
    "x": -0.2499653548002243,
    "y": 0.214835524559021
  },
  "governor": {
    "x": -0.22640012204647064,
    "y": 0.2237611562013626
  },
  "prosperity": {
    "x": 0.15851160883903503,
    "y": -0.06149129569530487
  },
  "parish": {
    "x": -0.16087935864925385,
    "y": 0.233629047870636
  },
  "cathedral": {
    "x": -0.1805260181427002,
    "y": 0.20048390328884125
  },
  "faction_layer": {
    "x": -0.15537038445472717,
    "y": -0.13334104418754578
  },
  "faction_succession": {
    "x": 0.22383899986743927,
    "y": 0.21330663561820984
  },
  "fractional_province": {
    "x": 0.10767797380685806,
    "y": -0.025037255138158798
  },
  "stability": {
    "x": -0.024000490084290504,
    "y": 0.18913041055202484
  },
  "occupation": {
    "x": -0.1363900899887085,
    "y": -0.11689263582229614
  },
  "treaty": {
    "x": -0.033544596284627914,
    "y": 0.07141105830669403
  },
  "parliament": {
    "x": -0.1412072777748108,
    "y": 0.055704884231090546
  },
  "mass_combat": {
    "x": -0.15351852774620056,
    "y": -0.2582029700279236
  },
  "military_layer": {
    "x": 0.018835844472050667,
    "y": 0.10688002407550812
  },
  "officer_capture": {
    "x": -0.3627661168575287,
    "y": -0.2053443193435669
  },
  "formation": {
    "x": 0.11577922105789185,
    "y": -0.2685047686100006
  },
  "seizure": {
    "x": -0.14307144284248352,
    "y": 0.12781202793121338
  },
  "victory": {
    "x": -0.15211042761802673,
    "y": -0.029745349660515785
  },
  "peninsular_strain": {
    "x": -0.19952592253684998,
    "y": 0.03549223765730858
  },
  "ms_trajectory": {
    "x": -0.045048538595438004,
    "y": 0.2856520712375641
  },
  "thread_revelation": {
    "x": -0.20379851758480072,
    "y": -0.4342586398124695
  },
  "tensions_deck": {
    "x": 0.34348249435424805,
    "y": 0.27909213304519653
  },
  "royal_assassination": {
    "x": 0.32482749223709106,
    "y": 0.26365044713020325
  },
  "warden_paths": {
    "x": 0.3376140594482422,
    "y": 0.12428003549575806
  },
  "altonian_pressure": {
    "x": -0.2336471974849701,
    "y": 0.10343988239765167
  },
  "ci_clock": {
    "x": -0.10646913945674896,
    "y": 0.12929901480674744
  },
  "ip_clock": {
    "x": -0.23016420006752014,
    "y": 0.07854325324296951
  },
  "pi_clock": {
    "x": -0.11706282198429108,
    "y": -0.01096345391124487
  },
  "coup_counter": {
    "x": 0.09347594529390335,
    "y": 0.022704636678099632
  },
  "cv_tcv": {
    "x": -0.11068395525217056,
    "y": -0.08884360641241074
  },
  "almud": {
    "x": 0.16403038799762726,
    "y": 0.15284483134746552
  },
  "himlensendt": {
    "x": 0.08026311546564102,