{
  "Self-Rendering": [
    -42.45200230036466,
    -1.0307471596547468
  ],
  "Leap": [
    -25.735721753830546,
    -4.9940561162120245
  ],
  "Coherence": [
    -32.254947956366756,
    -3.704042237734402
  ],
  "Throughlines": [
    -1.8157206657833136,
    76.26231704245555
  ],
  "Ein Sof": [
    -44.466974726464926,
    -7.507852403366818
  ],
  "Scale Transitions": [
    2.0441141989445275,
    -23.010042500670593
  ],
  "Conflict Architecture": [
    30.70513113214189,
    45.137326544764605
  ],
  "Campaign Architecture": [
    -25.842466386063006,
    -12.005506833519261
  ],
  "Zoom In": [
    -14.821161353543665,
    -25.24187114800476
  ],
  "Combat": [
    15.62828023303045,
    -6.658440995418731
  ],
  "Threadwork": [
    -19.732192987147425,
    -5.109079042915453
  ],
  "Fieldwork": [
    14.085363607104263,
    -1.5161186616358548
  ],
  "NPC Behavior": [
    -9.853365322080457,
    -12.947823635388723
  ],
  "Knot": [
    -22.824673534729083,
    2.081483850784394
  ],
  "Conviction Track": [
    -30.037118165405367,
    3.6945980453291614
  ],
  "Conviction": [
    -14.817784231681712,
    13.587832424494412
  ],
  "Social Contests": [
    -17.81508548464099,
    -19.521993468702878
  ],
  "Domain Echo": [
    2.0340907654907316,
    -16.037654785050027
  ],
  "Domain Action": [
    6.548636187696047,
    -4.342620374100359
  ],
  "Wager": [
    -35.83833229690693,
    6.408381557188779
  ],
  "Scene Slate": [
    -35.672996796617134,
    12.92411134153099
  ],
  "Settlement Layer": [
    7.8992854645096156,
    -19.493634478036416
  ],
  "Settlement Adjacency": [
    22.93886340896952,
    -25.962874561944755
  ],
  "Fractional Province": [
    -25.659259453966662,
    -44.23708744502886
  ],
  "Mass Seizure": [
    -0.924225397566548,
    -28.611632965213683
  ],
  "Faction Layer": [
    9.432436909224366,
    -25.98818798994172
  ],
  "Faction Succession": [
    113.6938946332311,
    44.962416498353285
  ],
  "CI Political": [
    44.707167887975565,
    6.458866114976199
  ],
  "Mass Combat": [
    7.710835007473621,
    -12.504802506146113
  ],
  "Military Layer": [
    4.6859367904415645,
    -33.85773869999853
  ],
  "Casus Belli": [
    17.985847178838505,
    -14.534783157658758
  ],
  "Dynastic Proclamation": [
    -4.906874056219378,
    -24.388199540562393
  ],
  "Victory": [
    -4.596879129762497,
    -14.749812760304344
  ],
  "Turmoil": [
    -10.494417924139842,
    -19.535653248485588
  ],
  "MS Trajectory": [
    -66.45472648045171,
    -26.354332040469703
  ],
  "Thread Revelation": [
    -32.419158070069706,
    -11.011786927868487
  ],
  "Tensions Deck": [
    15.565642007686495,
    28.16074984412802
  ],
  "Royal Assassination": [
    3.809723140993252,
    15.335419883471625
  ],
  "Solmund": [
    -30.746664796546497,
    24.74998709883111
  ],
  "Miraculous Event": [
    5.361960208977929,
    25.196394554713432
  ],
  "Armature System": [
    32.45014952800842,
    1.5753611788621706
  ],
  "Event Impact Matrix": [
    42.46482435208488,
    -5.932790676049636
  ],
  "MS": [
    -20.191586232429245,
    -10.472455326334497
  ],
  "CI": [
    2.720110133922995,
    -9.46338437520066
  ],
  "IP": [
    -8.510639165421189,
    -7.774374632219477
  ],
  "PI": [
    -14.851442656415902,
    0.4957196919175628
  ],
  "TS": [
    -21.80918407940915,
    7.685279491655564
  ],
  "TCV": [
    -3.708570938047369,
    -19.473038278554537
  ],
  "Faith": [
    -21.03714346913438,
    24.027475137471207
  ],
  "Order": [
    -12.406625826025456,
    22.63981122839114
  ],
  "Reason": [
    -19.013307827112836,
    17.407828781051002
  ],
  "Equity": [
    -16.593592205909534,
    20.589427978885123
  ],
  "Precedent": [
    -24.030405008235544,
    19.952482757184534
  ],
  "Autonomy": [
    -12.71014638091224,
    17.674231048442092
  ],
  "Continuity": [
    -24.635208723537296,
    14.092080404210673
  ],
  "Evidence": [
    10.777163630478762,
    4.584316283167392
  ],
  "Consequence": [
    -11.48580253438667,
    33.58243634928545
  ],
  "Authority": [
    -4.560901967892255,
    36.381778063995355
  ],
  "Loyalty": [
    -5.173890105234693,
    29.20537982574547
  ],
  "King Almud": [
    -3.334481912549187,
    13.919924817464043
  ],
  "Confessor Arne": [
    -16.552032130394124,
    9.469760796369016
  ],
  "Inge Baralta": [
    0.6249923355077387,
    7.842086830751219
  ],
  "Magnus Vaynard": [
    -12.30540012192343,
    8.02976789712393
  ],
  "Lisbeth Ehrenwall": [
    -6.69607740959216,
    19.702409665949055
  ],
  "Yrsa Vossen": [
    -16.372118213876966,
    27.155484568195575
  ],
  "Torben": [
    -8.003145315815718,
    15.422754854571798
  ],
  "Elske": [
    -0.7253486215856352,
    17.623987872031293
  ],
  "Edeyja": [
    -27.34263011143118,
    9.288665566755855
  ],
  "Lenneth": [
    -7.8189460691893204,
    11.32244439638527
  ],
  "Crown": [
    -6.630761561570582,
    5.510751883637947
  ],
  "Church": [
    -5.806576604569323,
    -4.099916247184729
  ],
  "Hafenmark": [
    -1.28277857462182,
    -2.681596282075857
  ],
  "Varfell": [
    -6.985839846131283,
    0.03406986522099622
  ],
  "L\u00f6wenritter": [
    -3.356512459151206,
    8.37927862773778
  ],
  "Restoration Movement": [
    -11.790717219306144,
    -3.2920585259836233
  ],
  "Guilds": [
    -10.672442679653598,
    2.758178771768354
  ],
  "Disposition": [
    -2.764382367955961,
    2.864379213100086
  ],
  "Standing": [
    5.774114729897707,
    2.4536928388566377
  ],
  "Stability": [
    -15.077414739446315,
    -8.591251615606923
  ],
  "Mandate": [
    -2.34582949365364,
    -8.139244255845831
  ],
  "Tensions": [
    13.240136656267818,
    22.73181649762205
  ],
  "Game Master": [
    -31.771296223361794,
    -17.396932522242007
  ],
  "Cultural Reformation": [
    -8.186536433053167,
    -28.25549272622437
  ],
  "Coup Counter": [
    12.098191290141468,
    13.529079547504287
  ]
}